Workbook

Sheet Dashboard
A1: EXECUTIVE BRIEFING: MULTI-SECTOR SEISMIC FRAMEWORK DISPATCH
A3: Cross-Sector Financial Synthesis
A4: Target Sector | B4: Upfront Cost Premium | C4: Net Present Value Delta | D4: Calculated CBR Score | E4: Implementation Readiness
A5: =Architectural_Parameters!A4 -> High-Density Residential Towers | B5: =Commercial_Feasibility!B4 -> 12.7 | C5: =Commercial_Feasibility!D4 -> 88.2 | D5: =Commercial_Feasibility!E4 -> 7.9448819 | E5: =Commercial_Feasibility!F4 -> CRL 6 - Prototype Phase
A6: =Architectural_Parameters!A5 -> Monolithic Sovereign Monument | B6: =Commercial_Feasibility!B5 -> 8.2 | C6: =Commercial_Feasibility!D5 -> 37.1 | D6: =Commercial_Feasibility!E5 -> 5.5243902 | E6: =Commercial_Feasibility!F5 -> CRL 4 - Lab Scale Models
A7: =Architectural_Parameters!A6 -> Commercial Open-Span Complex | B7: =Commercial_Feasibility!B6 -> 15.4 | C7: =Commercial_Feasibility!D6 -> 96.7 | D7: =Commercial_Feasibility!E6 -> 7.2792208 | E7: =Commercial_Feasibility!F6 -> CRL 7 - Field Pilot Stage
A8: =Architectural_Parameters!A7 -> Integrated Municipal Hubs | B8: =Commercial_Feasibility!B7 -> 19.1 | C8: =Commercial_Feasibility!D7 -> 149.3 | D8: =Commercial_Feasibility!E7 -> 8.8167539 | E8: =Commercial_Feasibility!F7 -> CRL 8 - Code Compliance
A9: =Architectural_Parameters!A8 -> Transportation Infrastructure | B9: =Commercial_Feasibility!B8 -> 24.5 | C9: =Commercial_Feasibility!D8 -> 186.3 | D9: =Commercial_Feasibility!E8 -> 8.6040816 | E9: =Commercial_Feasibility!F8 -> CRL 5 - Component Validation
A10: Consolidated Portfolio Total: | B10: =SUM(B5:B9) -> 79.9 | C10: =SUM(C5:C9) -> 557.6 | D10: =AVERAGE(D5:D9) -> 7.6338657 | E10: Portfolio Overview

Sheet Architectural_Parameters
A1: Multi-Sector Structural Parameters & Soil Adaptation Matrix
A3: Structural Sector Archetype | B3: Primary Load Profile | C3: Target Soil Condition | D3: Soil Density (g/cm³) | E3: Mesh Spacing (mm) | F3: Flared Footing Footprint (m²) | G3: Fe-SMA Deployment Strategy | H3: Max Richter Target
A4: High-Density Residential Towers | B4: Uniform Live Load / Low Floor Height | C4: Saturated Soft Silt | D4: 1.45 | E4: 100.3 | F4: 63.6 | G4: Flush Beam-Column Junction Nodes | H4: 9.5
A5: Monolithic Sovereign Monument | B5: Massive Asymmetric Dead Load | C5: Medium Compact Sand | D5: 1.85 | E5: 120.7 | F5: 28.3 | G5: 3D Core Skeletal Tension Tripod | H5: 9.5
A6: Commercial Open-Span Complex | B6: Long Spans / Inter-story Lateral Drift | C6: Saturated Soft Silt | D6: 1.45 | E6: 100.3 | F6: 63.6 | G6: Diagonal Unbonded Brace Frames | H6: 9.5
A7: Integrated Municipal Hubs | B7: Continuous Mission-Critical Operation | C7: Medium Compact Sand | D7: 1.85 | E7: 120.7 | F7: 28.3 | G7: Subterranean Base Isolation Springs | H7: 9.5
A8: Transportation Infrastructure | B8: High Dynamic Cyclic Moving Loads | C8: Variable Alluvial Silt | D8: 1.5 | E8: 103.1 | F8: 57.3 | G8: Pier-to-Deck Superelastic Pins | H8: 9.5

Sheet Commercial_Feasibility
A1: Commercial Readiness Level (CRL) & Financial Feasibility Index
A3: Structural Sector Archetype | B3: Upfront CapEx Premium ($M) | C3: 50-Yr PV Lifecycle Savings ($M) | D3: Net Present Value Delta ($M) | E3: Cost-Benefit Ratio (CBR) | F3: Current CRL Status | G3: Regulatory Implementation Bottleneck
A4: High-Density Residential Towers | B4: 12.7 | C4: 100.9 | D4: =C4-B4 -> 88.2 | E4: =C4/B4 -> 7.9448819 | F4: CRL 6 - Prototype Phase | G4: Municipal Multi-Family Zoning Amendments
A5: Monolithic Sovereign Monument | B5: 8.2 | C5: 45.3 | D5: =C5-B5 -> 37.1 | E5: =C5/B5 -> 5.5243902 | F5: CRL 4 - Lab Scale Models | G5: National Heritage Engineering Approvals
A6: Commercial Open-Span Complex | B6: 15.4 | C6: 112.1 | D6: =C6-B6 -> 96.7 | E6: =C6/B6 -> 7.2792208 | F6: CRL 7 - Field Pilot Stage | G6: AISC Long-Span Fire-Seismic Harmonization
A7: Integrated Municipal Hubs | B7: 19.1 | C7: 168.4 | D7: =C7-B7 -> 149.3 | E7: =C7/B7 -> 8.8167539 | F7: CRL 8 - Code Compliance | G7: ASCE 7-22 Essential Facility Classifications
A8: Transportation Infrastructure | B8: 24.5 | C8: 210.8 | D8: =C8-B8 -> 186.3 | E8: =C8/B8 -> 8.6040816 | F8: CRL 5 - Component Validation | G8: Federal Transit Authority Bridge Drop Codes

Sheet Per_Unit_Inventory_Costs
A1: Granular Inventory Unit Cost Allocation Model
A3: Structural Sector Archetype | B3: Functional Allocation Unit | C3: Base Build Cost / Unit | D3: Mesh & Flare Premium / Unit | E3: Fe-SMA Forging Premium / Unit | F3: Total Premiumized Unit Inventory Cost
A4: High-Density Residential Towers | B4: Per Livable Apartment Unit | C4: 180000 | D4: 4200 | E4: 8500 | F4: =C4+D4+E4 -> 192700
A5: Monolithic Sovereign Monument | B5: Per Vertical Core Meter | C5: 450000 | D5: 12500 | E5: 32000 | F5: =C5+D5+E5 -> 494500
A6: Commercial Open-Span Complex | B6: Per Gross Square Meter (GSM) | C6: 2200 | D6: 140 | E6: 290 | F6: =C6+D6+E6 -> 2630
A7: Integrated Municipal Hubs | B7: Per Operational Critical Hub Bed/Bay | C7: 320000 | D7: 9200 | E7: 18500 | F7: =C7+D7+E7 -> 347700
A8: Transportation Infrastructure | B8: Per Kilometer of Mainline Track | C8: 12000000 | D8: 340000 | E8: 780000 | F8: =C8+D8+E8 -> 13120000
